{
  "credentials": {
    "kubeconfig": {
      "path": "/root/.kube/config"
    }
  },
  "custom": {
    "io.cnab.dependencies": null,
    "sh.porter": {
      "manifestDigest": "ea05d8e1e9f424074d1ee589c68b3e61c7b6732d58eb110319af2002c529acdc"
    }
  },
  "definitions": {
    "porter-debug": {
      "default": false,
      "description": "Print debug information from Porter when executing the bundle",
      "type": "boolean"
    }
  },
  "description": "An example that uses a cert to deploy to Azure Stack AKS on the internet but secured with a cert.",
  "invocationImages": [
    {
      "image": "squillace.azurecr.io/squillace/porter-iot-remote-kube:latest",
      "imageType": "docker"
    }
  ],
  "name": "porter-iot-remote-kube",
  "parameters": {
    "porter-debug": {
      "definition": "porter-debug",
      "description": "Print debug information from Porter when executing the bundle",
      "destination": {
        "env": "PORTER_DEBUG"
      }
    }
  },
  "schemaVersion": "v1.0.0-WD",
  "version": "0.1.0"
}